rainfall,temperature,ph,soil__acidic,soil__alluvial,soil__black_(mixed),soil__clay,soil__clay_loam,soil__lateritic,soil__loam,soil__red,soil__sandy,soil__sandy_loam,soil__silty,soil__well-drained_loam,season__kharif,season__rabi,season__summer,season__year-round
876.9062128796501,31.557930767399224,5.319459382965729,0,0,0,0,0,0,0,0,0,0,0,0,0,0,0,0
1038.4751465160975,38.02471895256974,5.343689460123447,0,0,0,0,0,0,0,0,0,0,0,0,0,0,0,0
830.455417873665,25.616906462288995,5.369044601955162,0,0,0,0,0,0,0,0,0,0,0,0,0,0,0,0
1447.6448414327695,19.43518688854074,6.982621620192998,0,0,0,0,0,0,0,0,0,0,0,0,0,0,0,0
1976.4717299129136,19.099870889927434,5.390300685470793,0,0,0,0,0,0,0,0,0,0,0,0,0,0,0,0
793.4574762048934,34.38042840730339,7.727623417376852,0,0,0,0,0,0,0,0,0,0,0,0,0,0,0,0
1059.9129293426533,36.49706290271731,7.413668847801255,0,0,0,0,0,0,0,0,0,0,0,0,0,0,0,0
2619.000005731791,15.158342395623748,7.6233883463616765,0,0,0,0,0,0,0,0,0,0,0,0,0,0,0,0
326.280153602091,13.996765708655344,6.6833936860352665,0,0,0,0,0,0,0,0,0,0,0,0,0,0,0,0
1398.0009736228722,29.833009912693555,8.189367076861291,0,0,0,0,0,0,0,0,0,0,0,0,0,0,0,0
2050.050908151622,16.38519732578095,5.141360329421316,0,0,0,0,0,0,0,0,0,0,0,0,0,0,0,0
591.1804300494325,36.73992571369024,6.284047885395562,0,0,0,0,0,0,0,0,0,0,0,0,0,0,0,0
323.1724520142528,21.310040217722232,6.036597340600435,0,0,0,0,0,0,0,0,0,0,0,0,0,0,0,0
559.33396626018,16.31615798913428,8.03566559588045,0,0,0,0,0,0,0,0,0,0,0,0,0,0,0,0
2588.9403031797756,39.62911417462351,6.845955067192297,0,0,0,0,0,0,0,0,0,0,0,0,0,0,0,0
224.07543273492087,16.965951682058346,7.579811089423121,0,0,0,0,0,0,0,0,0,0,0,0,0,0,0,0
689.6371345095147,20.541602470138066,5.5450918197072605,0,0,0,0,0,0,0,0,0,0,0,0,0,0,0,0
281.33713354427584,16.60840185576176,8.131629260481404,0,0,0,0,0,0,0,0,0,0,0,0,0,0,0,0
487.6366156617285,15.464701909960649,6.595646550004208,0,0,0,0,0,0,0,0,0,0,0,0,0,0,0,0
1812.3881452335704,12.634440490093201,6.579750644066066,0,0,0,0,0,0,0,0,0,0,0,0,0,0,0,0
828.261162721623,13.661862274927802,8.106831131346361,0,0,0,0,0,0,0,0,0,0,0,0,0,0,0,0
1679.9513311197597,17.23924412807558,6.218343555894863,0,0,0,0,0,0,0,0,0,0,0,0,0,0,0,0
1734.507995191928,13.601457978815262,6.272080078575977,0,0,0,0,0,0,0,0,0,0,0,0,0,0,0,0
2408.5318660334256,29.734314483329136,6.871208648975797,0,0,0,0,0,0,0,0,0,0,0,0,0,0,0,0
212.3276215708722,32.42143580398519,5.409768353752918,0,0,0,0,0,0,0,0,0,0,0,0,0,0,0,0
2418.7605942901537,23.808913704960847,6.027474004517935,0,0,0,0,0,0,0,0,0,0,0,0,0,0,0,0
1809.7096247101324,21.539732908561483,5.618266631824418,0,0,0,0,0,0,0,0,0,0,0,0,0,0,0,0
623.1330638728898,27.135787110666904,5.330507133142559,0,0,0,0,0,0,0,0,0,0,0,0,0,0,0,0
2209.6372091517387,38.250148267038256,7.771662740259264,0,0,0,0,0,0,0,0,0,0,0,0,0,0,0,0
2424.278008655523,37.53394880466618,6.885859731607923,0,0,0,0,0,0,0,0,0,0,0,0,0,0,0,0
861.085057760809,13.304251860383758,6.147752932889316,0,0,0,0,0,0,0,0,0,0,0,0,0,0,0,0
2588.8635703469704,17.444952287895724,6.307742007573481,0,0,0,0,0,0,0,0,0,0,0,0,0,0,0,0
1381.5893187765103,19.10234613313188,6.3808608117995345,0,0,0,0,0,0,0,0,0,0,0,0,0,0,0,0
1768.903581266636,19.481627274966357,7.02607738286307,0,0,0,0,0,0,0,0,0,0,0,0,0,0,0,0
2760.0887874058735,29.136979552283183,7.9656620527647775,0,0,0,0,0,0,0,0,0,0,0,0,0,0,0,0
1139.9938044619184,24.487872771095766,7.984894782902344,0,0,0,0,0,0,0,0,0,0,0,0,0,0,0,0
2314.2142991322935,13.477623597827819,6.252774334498122,0,0,0,0,0,0,0,0,0,0,0,0,0,0,0,0
1027.8377063539951,23.20842415378715,6.053639870712862,0,0,0,0,0,0,0,0,0,0,0,0,0,0,0,0
2277.9551578278765,27.712588461529116,6.4433488005928155,0,0,0,0,0,0,0,0,0,0,0,0,0,0,0,0
1761.9081890428704,15.05015708711148,6.8173895373711755,0,0,0,0,0,0,0,0,0,0,0,0,0,0,0,0
762.5248075860437,37.00375661365679,6.477817316639194,0,0,0,0,0,0,0,0,0,0,0,0,0,0,0,0
1276.4678438520145,13.558855993953127,7.108010911413443,0,0,0,0,0,0,0,0,0,0,0,0,0,0,0,0
1025.8526493452605,39.74525607054186,6.774076874815243,0,0,0,0,0,0,0,0,0,0,0,0,0,0,0,0
403.0818220089461,14.973394247396264,6.026289749421043,0,0,0,0,0,0,0,0,0,0,0,0,0,0,0,0
277.57040225921344,37.30724854793259,6.106338578440424,0,0,0,0,0,0,0,0,0,0,0,0,0,0,0,0
1100.8445040586703,39.07959431782851,6.211496920191139,0,0,0,0,0,0,0,0,0,0,0,0,0,0,0,0
249.4887843254651,41.387120417597785,5.302847258398044,0,0,0,0,0,0,0,0,0,0,0,0,0,0,0,0
630.2681697126151,36.06077640820781,5.531400423724714,0,0,0,0,0,0,0,0,0,0,0,0,0,0,0,0
2085.476634212259,35.384326223139865,7.313964166865235,0,0,0,0,0,0,0,0,0,0,0,0,0,0,0,0
2041.0372127773285,31.274498279866428,6.245109476870656,0,0,0,0,0,0,0,0,0,0,0,0,0,0,0,0
2120.3090047891947,35.36989063734387,5.686524712192459,0,0,0,0,0,0,0,0,0,0,0,0,0,0,0,0
1024.5982449379449,16.03656625239441,6.800551713839543,0,0,0,0,0,0,0,0,0,0,0,0,0,0,0,0
2514.0505885060084,28.082041078429118,7.417726535914967,0,0,0,0,0,0,0,0,0,0,0,0,0,0,0,0
1743.9594248739638,27.426686105712434,5.8237515595051885,0,0,0,0,0,0,0,0,0,0,0,0,0,0,0,0
527.668488541229,37.72716432367673,7.645727622155982,0,0,0,0,0,0,0,0,0,0,0,0,0,0,0,0
573.6685197843888,25.883980967805478,7.968015550800159,0,0,0,0,0,0,0,0,0,0,0,0,0,0,0,0
2002.048110017224,23.552684883010606,6.91166249303629,0,0,0,0,0,0,0,0,0,0,0,0,0,0,0,0
649.654234749403,31.186898137113303,7.140632508773054,0,0,0,0,0,0,0,0,0,0,0,0,0,0,0,0
1518.9610241133125,19.993899525025384,5.168243169033778,0,0,0,0,0,0,0,0,0,0,0,0,0,0,0,0
2778.6136374146477,16.193052328618705,8.0256636512701,0,0,0,0,0,0,0,0,0,0,0,0,0,0,0,0
210.4197723066827,26.336318220712375,6.25595114964782,0,0,0,0,0,0,0,0,0,0,0,0,0,0,0,0
243.10748493364798,24.50668105784655,7.956481281745376,0,0,0,0,0,0,0,0,0,0,0,0,0,0,0,0
2782.019913019317,18.97709821586621,6.852728079200776,0,0,0,0,0,0,0,0,0,0,0,0,0,0,0,0
1720.0609687488304,23.025354303453838,5.014780156298649,0,0,0,0,0,0,0,0,0,0,0,0,0,0,0,0
529.9659363481342,22.991773494787424,5.123334397834994,0,0,0,0,0,0,0,0,0,0,0,0,0,0,0,0
2532.9857193606435,21.824866932376363,7.17734017814375,0,0,0,0,0,0,0,0,0,0,0,0,0,0,0,0
2488.988780332,23.38392239180787,6.800537644262185,0,0,0,0,0,0,0,0,0,0,0,0,0,0,0,0
1594.1210740895756,32.572300363678366,5.084903799059438,0,0,0,0,0,0,0,0,0,0,0,0,0,0,0,0
1816.659277637967,20.90629423713856,7.379071875911633,0,0,0,0,0,0,0,0,0,0,0,0,0,0,0,0
910.2866979022784,40.46573780146021,7.7268650786213815,0,0,0,0,0,0,0,0,0,0,0,0,0,0,0,0
331.3512105672134,39.49044058614534,6.588535943805786,0,0,0,0,0,0,0,0,0,0,0,0,0,0,0,0
1745.8757831162472,26.427312849002355,6.490423809143215,0,0,0,0,0,0,0,0,0,0,0,0,0,0,0,0
966.3635023271838,21.850836150140665,5.017513948270808,0,0,0,0,0,0,0,0,0,0,0,0,0,0,0,0
1925.4147213169151,28.063043694900095,7.517279079979517,0,0,0,0,0,0,0,0,0,0,0,0,0,0,0,0
2374.2374597907633,37.45681466320873,6.058291413587537,0,0,0,0,0,0,0,0,0,0,0,0,0,0,0,0
247.21741417734654,31.577620216803062,7.812043583304126,0,0,0,0,0,0,0,0,0,0,0,0,0,0,0,0
1748.8558141828912,36.13175483841232,6.193793880185769,0,0,0,0,0,0,0,0,0,0,0,0,0,0,0,0
801.3294031858159,27.981668281972205,6.808249314018258,0,0,0,0,0,0,0,0,0,0,0,0,0,0,0,0
2472.110094549884,30.987528878028623,5.865093722237848,0,0,0,0,0,0,0,0,0,0,0,0,0,0,0,0
859.5277170607541,20.644668425473853,5.51388260027174,0,0,0,0,0,0,0,0,0,0,0,0,0,0,0,0
1788.0023464120875,34.04679486930873,7.479705290820249,0,0,0,0,0,0,0,0,0,0,0,0,0,0,0,0
1639.2061842329897,18.07213779377155,6.589089532308101,0,0,0,0,0,0,0,0,0,0,0,0,0,0,0,0
1230.0329001540472,32.843943864554944,6.716761356007202,0,0,0,0,0,0,0,0,0,0,0,0,0,0,0,0
1961.8139853594646,37.82157204977682,8.089331051141553,0,0,0,0,0,0,0,0,0,0,0,0,0,0,0,0
2087.001050260128,15.963085119046319,8.08345571911089,0,0,0,0,0,0,0,0,0,0,0,0,0,0,0,0
1674.0382678304056,30.431392216257592,7.738054789447691,0,0,0,0,0,0,0,0,0,0,0,0,0,0,0,0
2171.897816680361,14.852872446898038,5.600349736848107,0,0,0,0,0,0,0,0,0,0,0,0,0,0,0,0
2756.8843975816376,33.7714688481428,6.901672621765055,0,0,0,0,0,0,0,0,0,0,0,0,0,0,0,0
1290.1082085420933,14.534796564705607,7.810071758897719,0,0,0,0,0,0,0,0,0,0,0,0,0,0,0,0
1537.9159349023803,40.078194681018786,6.198284596636601,0,0,0,0,0,0,0,0,0,0,0,0,0,0,0,0
232.4216826471544,16.122237901134064,5.323539730993872,0,0,0,0,0,0,0,0,0,0,0,0,0,0,0,0
2269.674246406984,40.766407377272415,7.5950812871677496,0,0,0,0,0,0,0,0,0,0,0,0,0,0,0,0
1552.598174319584,36.026525282552896,6.541643364358949,0,0,0,0,0,0,0,0,0,0,0,0,0,0,0,0
1260.6997189374695,29.810460133990624,6.806056577149371,0,0,0,0,0,0,0,0,0,0,0,0,0,0,0,0
444.5871040324291,35.47872313888641,8.1428617482171,0,0,0,0,0,0,0,0,0,0,0,0,0,0,0,0
2513.106696356033,35.85344516949257,6.943076577581031,0,0,0,0,0,0,0,0,0,0,0,0,0,0,0,0
1227.0188241054468,40.38081188451991,6.359934034131524,0,0,0,0,0,0,0,0,0,0,0,0,0,0,0,0
1974.7121553439729,19.601500615175617,6.183949977111032,0,0,0,0,0,0,0,0,0,0,0,0,0,0,0,0
588.372806557192,29.702276860749276,6.336381736492946,0,0,0,0,0,0,0,0,0,0,0,0,0,0,0,0
2700.0290368066844,14.851475926932036,5.37887706617174,0,0,0,0,0,0,0,0,0,0,0,0,0,0,0,0
663.9485807367604,30.48497100072364,7.54320178693623,0,0,0,0,0,0,0,0,0,0,0,0,0,0,0,0
718.8091815386749,17.138739122783665,7.680693946198531,0,0,0,0,0,0,0,0,0,0,0,0,0,0,0,0
2433.355437450056,28.948518344173255,5.910070830634909,0,0,0,0,0,0,0,0,0,0,0,0,0,0,0,0
2572.715134769021,29.172915421015492,5.97214917891182,0,0,0,0,0,0,0,0,0,0,0,0,0,0,0,0
751.5832595605837,25.97955458943682,7.797869620271402,0,0,0,0,0,0,0,0,0,0,0,0,0,0,0,0
1421.4823092545525,27.678953265393684,5.076705137689458,0,0,0,0,0,0,0,0,0,0,0,0,0,0,0,0
2107.0867518633577,34.91770170019764,6.665463820055129,0,0,0,0,0,0,0,0,0,0,0,0,0,0,0,0
2483.750907908084,35.977341495362,6.483762286980803,0,0,0,0,0,0,0,0,0,0,0,0,0,0,0,0
1185.5370070969934,26.764596467262873,7.208405662651071,0,0,0,0,0,0,0,0,0,0,0,0,0,0,0,0
1544.250665808516,29.987803245678368,5.522853440478254,0,0,0,0,0,0,0,0,0,0,0,0,0,0,0,0
2128.4626673513108,39.93708707070306,7.1386583705444915,0,0,0,0,0,0,0,0,0,0,0,0,0,0,0,0
2100.953539297268,15.592007655033685,6.205548825199604,0,0,0,0,0,0,0,0,0,0,0,0,0,0,0,0
2235.6963380678208,15.513106977003314,6.979887290142854,0,0,0,0,0,0,0,0,0,0,0,0,0,0,0,0
1681.8279284679686,14.631270357323052,5.128304031592883,0,0,0,0,0,0,0,0,0,0,0,0,0,0,0,0
471.99925169241556,31.735898551215836,6.47752703099043,0,0,0,0,0,0,0,0,0,0,0,0,0,0,0,0
2550.330556282904,24.558249023711383,6.67120286074359,0,0,0,0,0,0,0,0,0,0,0,0,0,0,0,0
2450.488602234673,35.229642484255294,5.685844489135957,0,0,0,0,0,0,0,0,0,0,0,0,0,0,0,0
2275.053333127666,32.13694239925778,5.446795693373186,0,0,0,0,0,0,0,0,0,0,0,0,0,0,0,0
459.6424406178967,22.009132749847147,5.603117769639365,0,0,0,0,0,0,0,0,0,0,0,0,0,0,0,0
731.4331544117159,38.950996420846074,6.101251449802714,0,0,0,0,0,0,0,0,0,0,0,0,0,0,0,0
2133.360949279895,34.87596441211957,5.3097924777759085,0,0,0,0,0,0,0,0,0,0,0,0,0,0,0,0
260.1642459130607,20.11604822730527,8.031423346334734,0,0,0,0,0,0,0,0,0,0,0,0,0,0,0,0
2745.984047638927,22.925760533161622,6.295980996786615,0,0,0,0,0,0,0,0,0,0,0,0,0,0,0,0
1180.5761689247697,21.433199406127887,7.588702728021596,0,0,0,0,0,0,0,0,0,0,0,0,0,0,0,0
2070.212587596141,16.72834945874999,8.118134793948308,0,0,0,0,0,0,0,0,0,0,0,0,0,0,0,0
2507.6848300689126,16.43350117626575,5.258352896008765,0,0,0,0,0,0,0,0,0,0,0,0,0,0,0,0
1226.037709190214,40.083823901272325,7.08534229739198,0,0,0,0,0,0,0,0,0,0,0,0,0,0,0,0
1029.7444703591318,25.1371211159626,7.788509077571884,0,0,0,0,0,0,0,0,0,0,0,0,0,0,0,0
1782.7269351354414,23.499594683322293,7.0295501886935305,0,0,0,0,0,0,0,0,0,0,0,0,0,0,0,0
1710.5723717449318,33.89057126032134,6.37288358834372,0,0,0,0,0,0,0,0,0,0,0,0,0,0,0,0
1263.7639418244726,28.589791957586996,6.379444344441402,0,0,0,0,0,0,0,0,0,0,0,0,0,0,0,0
1764.614365256042,40.08419960515387,5.1148764352235485,0,0,0,0,0,0,0,0,0,0,0,0,0,0,0,0
2631.9915608728866,35.40904481728177,6.710722404125681,0,0,0,0,0,0,0,0,0,0,0,0,0,0,0,0
1415.8646672291509,26.381086923736213,8.17933758971791,0,0,0,0,0,0,0,0,0,0,0,0,0,0,0,0
711.5296699516414,23.29078420442479,8.067864083110187,0,0,0,0,0,0,0,0,0,0,0,0,0,0,0,0
1180.73555549581,41.598946347729665,5.129277532294922,0,0,0,0,0,0,0,0,0,0,0,0,0,0,0,0
1224.6781547421083,33.53280708010931,7.258550411614362,0,0,0,0,0,0,0,0,0,0,0,0,0,0,0,0
540.8826018681716,40.535839800115234,5.965647573430179,0,0,0,0,0,0,0,0,0,0,0,0,0,0,0,0
623.4659014418428,15.55435731651124,7.889565290899637,0,0,0,0,0,0,0,0,0,0,0,0,0,0,0,0
1979.861390823561,37.51601037572348,5.144367186269691,0,0,0,0,0,0,0,0,0,0,0,0,0,0,0,0
1082.642160943147,31.112216519736226,7.994797126435458,0,0,0,0,0,0,0,0,0,0,0,0,0,0,0,0
2682.7358188250996,15.657650350053377,7.679922380120885,0,0,0,0,0,0,0,0,0,0,0,0,0,0,0,0
833.3515379323793,29.64773999907662,5.376014023208325,0,0,0,0,0,0,0,0,0,0,0,0,0,0,0,0
457.20371327253804,32.582890953163464,5.191437879415357,0,0,0,0,0,0,0,0,0,0,0,0,0,0,0,0
2159.1118638006706,12.369080576658085,7.6710645258461945,0,0,0,0,0,0,0,0,0,0,0,0,0,0,0,0
2490.693734986462,25.6295388552524,5.498424547118654,0,0,0,0,0,0,0,0,0,0,0,0,0,0,0,0
923.0947278658684,36.761985335889634,6.711674089522785,0,0,0,0,0,0,0,0,0,0,0,0,0,0,0,0
725.4290642782427,20.860770760322694,7.930383545211869,0,0,0,0,0,0,0,0,0,0,0,0,0,0,0,0
682.9919506648266,25.75644245395653,6.815833963357834,0,0,0,0,0,0,0,0,0,0,0,0,0,0,0,0
1557.231983552932,25.269423812036795,6.271146564713037,0,0,0,0,0,0,0,0,0,0,0,0,0,0,0,0
1417.8832672416045,21.057821743274747,6.424051375532775,0,0,0,0,0,0,0,0,0,0,0,0,0,0,0,0
874.543583621789,39.55325686546662,5.201974946252387,0,0,0,0,0,0,0,0,0,0,0,0,0,0,0,0
317.4501041725086,35.43882106294548,8.100007428357117,0,0,0,0,0,0,0,0,0,0,0,0,0,0,0,0
1451.87748484833,15.317652329883316,5.994093392259464,0,0,0,0,0,0,0,0,0,0,0,0,0,0,0,0
2694.2641038525817,41.91103973512719,5.605963173353132,0,0,0,0,0,0,0,0,0,0,0,0,0,0,0,0
1896.5499219569244,38.37600072923236,5.915351365889265,0,0,0,0,0,0,0,0,0,0,0,0,0,0,0,0
1488.317047234408,20.51725313592117,8.085994223652731,0,0,0,0,0,0,0,0,0,0,0,0,0,0,0,0
487.7993924770019,37.10689738982815,5.301715371161622,0,0,0,0,0,0,0,0,0,0,0,0,0,0,0,0
856.3343554289269,15.192585956141485,7.77536972960378,0,0,0,0,0,0,0,0,0,0,0,0,0,0,0,0
966.4122688938111,41.973141914227156,7.265100462084632,0,0,0,0,0,0,0,0,0,0,0,0,0,0,0,0
2188.4892367788093,31.970542083196108,7.656061373308889,0,0,0,0,0,0,0,0,0,0,0,0,0,0,0,0
2479.4480728880103,31.50375046676391,8.122872129177267,0,0,0,0,0,0,0,0,0,0,0,0,0,0,0,0
2544.26881927274,14.713221809523983,7.69489489765399,0,0,0,0,0,0,0,0,0,0,0,0,0,0,0,0
2759.8783814519606,38.91100196689876,8.018823524089129,0,0,0,0,0,0,0,0,0,0,0,0,0,0,0,0
2754.1533760717844,12.869985096134084,5.406192821730944,0,0,0,0,0,0,0,0,0,0,0,0,0,0,0,0
2677.7977451967517,19.22484174123441,7.546523408534304,0,0,0,0,0,0,0,0,0,0,0,0,0,0,0,0
386.7375653074994,16.29065625499905,6.746162221059352,0,0,0,0,0,0,0,0,0,0,0,0,0,0,0,0
558.2631934122935,35.30303822076655,6.739185904255554,0,0,0,0,0,0,0,0,0,0,0,0,0,0,0,0
991.6129688376856,17.946126816386936,7.8765490442256425,0,0,0,0,0,0,0,0,0,0,0,0,0,0,0,0
1637.5354605675998,39.31914681392656,8.109772219669475,0,0,0,0,0,0,0,0,0,0,0,0,0,0,0,0
452.14251063424615,31.688071179824703,7.255482633738179,0,0,0,0,0,0,0,0,0,0,0,0,0,0,0,0
2399.0720902855705,13.084881314840887,6.545402846309708,0,0,0,0,0,0,0,0,0,0,0,0,0,0,0,0
1803.5660656010036,12.162895023861013,6.460492345285905,0,0,0,0,0,0,0,0,0,0,0,0,0,0,0,0
1610.147445985733,13.549737510431967,6.236292663114181,0,0,0,0,0,0,0,0,0,0,0,0,0,0,0,0
629.809440754957,30.177755329431832,6.15711689463252,0,0,0,0,0,0,0,0,0,0,0,0,0,0,0,0
858.4642334405131,36.04445432578245,6.2528218933901805,0,0,0,0,0,0,0,0,0,0,0,0,0,0,0,0
616.8112649538709,19.156584618821654,5.287210352803825,0,0,0,0,0,0,0,0,0,0,0,0,0,0,0,0
2415.0262102664765,37.48226528769219,5.247795472833403,0,0,0,0,0,0,0,0,0,0,0,0,0,0,0,0
1718.9924361591673,13.716958204597812,7.4955835003913975,0,0,0,0,0,0,0,0,0,0,0,0,0,0,0,0
2111.336511551047,36.02891560925029,6.427433257344723,0,0,0,0,0,0,0,0,0,0,0,0,0,0,0,0
969.6854435660669,39.83386290516842,7.978190363342785,0,0,0,0,0,0,0,0,0,0,0,0,0,0,0,0
1165.2568564295207,35.163251973131416,6.959107227500647,0,0,0,0,0,0,0,0,0,0,0,0,0,0,0,0
1252.622907508988,32.943623519359114,5.112563142990143,0,0,0,0,0,0,0,0,0,0,0,0,0,0,0,0
2176.0389265344907,37.139406559661495,5.5040746922159345,0,0,0,0,0,0,0,0,0,0,0,0,0,0,0,0
2208.117767953877,13.204538986411993,5.658623337641624,0,0,0,0,0,0,0,0,0,0,0,0,0,0,0,0
737.7151715364824,18.053463321571662,8.122355278046914,0,0,0,0,0,0,0,0,0,0,0,0,0,0,0,0
2648.0010275190575,15.747710379169291,5.699853523685231,0,0,0,0,0,0,0,0,0,0,0,0,0,0,0,0
513.7038773535846,27.135929705789597,6.6504181641217635,0,0,0,0,0,0,0,0,0,0,0,0,0,0,0,0
2529.917414301439,34.35564384986533,7.9957661812486265,0,0,0,0,0,0,0,0,0,0,0,0,0,0,0,0
461.02867868950415,30.900355337291963,8.127016735725942,0,0,0,0,0,0,0,0,0,0,0,0,0,0,0,0
887.8035089934089,37.533932992858055,5.756353393227342,0,0,0,0,0,0,0,0,0,0,0,0,0,0,0,0
2400.844193776688,16.656389773232725,5.157176460000128,0,0,0,0,0,0,0,0,0,0,0,0,0,0,0,0
666.6793880998273,34.038632758054845,5.4915258641208275,0,0,0,0,0,0,0,0,0,0,0,0,0,0,0,0
1275.2766214059216,17.791244726067124,5.202651131848186,0,0,0,0,0,0,0,0,0,0,0,0,0,0,0,0
1369.6341798547282,20.12276253953401,5.624397571495477,0,0,0,0,0,0,0,0,0,0,0,0,0,0,0,0
837.6733298603451,33.29714091843911,6.819423087051953,0,0,0,0,0,0,0,0,0,0,0,0,0,0,0,0
2046.6375234735651,41.40614354696045,7.919836148146054,0,0,0,0,0,0,0,0,0,0,0,0,0,0,0,0
2413.4700884457297,30.34630817931209,6.719100427821887,0,0,0,0,0,0,0,0,0,0,0,0,0,0,0,0
2473.8953636244864,13.635009449738869,7.003166581437058,0,0,0,0,0,0,0,0,0,0,0,0,0,0,0,0
1082.2375789150583,30.489269097825986,5.645975205150531,0,0,0,0,0,0,0,0,0,0,0,0,0,0,0,0
1580.2110251483175,13.270516547405013,7.561867586156319,0,0,0,0,0,0,0,0,0,0,0,0,0,0,0,0
845.8566500506939,38.52437134100452,6.976924507217866,0,0,0,0,0,0,0,0,0,0,0,0,0,0,0,0
836.4709040303782,33.28734855301862,7.7652378534167195,0,0,0,0,0,0,0,0,0,0,0,0,0,0,0,0
619.2605634150027,17.193835392675098,8.036297942418509,0,0,0,0,0,0,0,0,0,0,0,0,0,0,0,0
2644.049428099538,14.751630174725943,6.113282482421095,0,0,0,0,0,0,0,0,0,0,0,0,0,0,0,0
2508.7709543745077,17.505996866409568,5.289852987313406,0,0,0,0,0,0,0,0,0,0,0,0,0,0,0,0
2221.132654652,41.40081538662578,5.722972665333704,0,0,0,0,0,0,0,0,0,0,0,0,0,0,0,0
1545.9199553480955,25.756819273754694,6.401093010162679,0,0,0,0,0,0,0,0,0,0,0,0,0,0,0,0
1475.580580330867,35.52242845024224,8.026219685838313,0,0,0,0,0,0,0,0,0,0,0,0,0,0,0,0
1577.3387320744946,31.092250263233307,6.210591431594929,0,0,0,0,0,0,0,0,0,0,0,0,0,0,0,0
1595.076835300432,29.17239449875912,7.466474283729184,0,0,0,0,0,0,0,0,0,0,0,0,0,0,0,0
1329.864020213995,16.35390763995149,6.729525414946416,0,0,0,0,0,0,0,0,0,0,0,0,0,0,0,0
542.5625655193754,40.38073360674285,5.584988065379125,0,0,0,0,0,0,0,0,0,0,0,0,0,0,0,0
526.7260174581936,21.040278975441538,6.026349180651045,0,0,0,0,0,0,0,0,0,0,0,0,0,0,0,0
2675.8492611987767,29.340516474226266,7.090214032073019,0,0,0,0,0,0,0,0,0,0,0,0,0,0,0,0
1453.2799749245114,32.99327833767198,7.153130862991659,0,0,0,0,0,0,0,0,0,0,0,0,0,0,0,0
2678.334364753491,31.476994657359267,6.3912311897889476,0,0,0,0,0,0,0,0,0,0,0,0,0,0,0,0
625.299882046286,40.21783229086555,5.731665928518766,0,0,0,0,0,0,0,0,0,0,0,0,0,0,0,0
1641.4830353038274,16.45316969760174,7.310101694440563,0,0,0,0,0,0,0,0,0,0,0,0,0,0,0,0
740.064858714002,27.25058215340826,5.540393733160688,0,0,0,0,0,0,0,0,0,0,0,0,0,0,0,0
858.279975929164,24.12103172222298,7.997343013968404,0,0,0,0,0,0,0,0,0,0,0,0,0,0,0,0
278.1419047790648,26.225061884478542,5.601291452916725,0,0,0,0,0,0,0,0,0,0,0,0,0,0,0,0
509.2786079245494,15.576525785932338,5.343399561064065,0,0,0,0,0,0,0,0,0,0,0,0,0,0,0,0
2583.805859835909,16.02283829618296,6.5924726475692115,0,0,0,0,0,0,0,0,0,0,0,0,0,0,0,0
1035.9857778540625,20.34226637343772,6.662558713951021,0,0,0,0,0,0,0,0,0,0,0,0,0,0,0,0
1781.1359509779381,21.14113811282494,6.626217327290383,0,0,0,0,0,0,0,0,0,0,0,0,0,0,0,0
1409.0367431721097,24.837096410440502,6.397335965884286,0,0,0,0,0,0,0,0,0,0,0,0,0,0,0,0
1241.1732376377236,30.329626411098847,8.183407657054746,0,0,0,0,0,0,0,0,0,0,0,0,0,0,0,0
1582.9038374997772,31.03887352254789,6.556097960545862,0,0,0,0,0,0,0,0,0,0,0,0,0,0,0,0
686.821255999888,24.354326897567105,6.529429058367459,0,0,0,0,0,0,0,0,0,0,0,0,0,0,0,0
2770.370136150899,24.263493282860914,6.349651400686596,0,0,0,0,0,0,0,0,0,0,0,0,0,0,0,0
2327.6004586300437,18.528855800908858,5.213842415044681,0,0,0,0,0,0,0,0,0,0,0,0,0,0,0,0
2128.19804510194,29.649187452270247,6.897461219678771,0,0,0,0,0,0,0,0,0,0,0,0,0,0,0,0
1418.7741722362764,21.511227339517134,5.729496871114184,0,0,0,0,0,0,0,0,0,0,0,0,0,0,0,0
597.4805175284735,13.081795028320911,7.040348736732959,0,0,0,0,0,0,0,0,0,0,0,0,0,0,0,0
2593.7312315112763,24.552001324705813,5.162667078235127,0,0,0,0,0,0,0,0,0,0,0,0,0,0,0,0
1087.606375192492,26.22398025270511,8.140438724009606,0,0,0,0,0,0,0,0,0,0,0,0,0,0,0,0
330.2773932120278,18.76778604612633,6.500816252840551,0,0,0,0,0,0,0,0,0,0,0,0,0,0,0,0
1090.2495597076345,29.17373799366347,7.869617189090235,0,0,0,0,0,0,0,0,0,0,0,0,0,0,0,0
2265.5882792892994,28.97315701295763,6.521795754345391,0,0,0,0,0,0,0,0,0,0,0,0,0,0,0,0
1819.0427369693411,33.06006543331114,5.19305861943751,0,0,0,0,0,0,0,0,0,0,0,0,0,0,0,0
2152.1803203366353,31.4384544660363,7.631083347500182,0,0,0,0,0,0,0,0,0,0,0,0,0,0,0,0
2263.4519980421815,31.572991695630947,7.074187934934829,0,0,0,0,0,0,0,0,0,0,0,0,0,0,0,0
751.0819888094107,21.486424554721292,7.501622552236624,0,0,0,0,0,0,0,0,0,0,0,0,0,0,0,0
2601.8366218422684,35.622966659578616,6.370143563228394,0,0,0,0,0,0,0,0,0,0,0,0,0,0,0,0
1338.7729675929688,28.47433150799038,7.041397581589264,0,0,0,0,0,0,0,0,0,0,0,0,0,0,0,0
1861.435488086828,24.942545855396702,7.739932812149144,0,0,0,0,0,0,0,0,0,0,0,0,0,0,0,0
206.0028087255292,30.780374428231713,7.019409417190039,0,0,0,0,0,0,0,0,0,0,0,0,0,0,0,0
2782.758095869063,22.81972003350763,6.112555631474891,0,0,0,0,0,0,0,0,0,0,0,0,0,0,0,0
930.3306035068033,27.382177338202748,7.120094701971839,0,0,0,0,0,0,0,0,0,0,0,0,0,0,0,0
361.3640770044036,34.10117065446661,7.149933403565015,0,0,0,0,0,0,0,0,0,0,0,0,0,0,0,0
1391.4813079949363,38.59208660171123,8.0738782800212,0,0,0,0,0,0,0,0,0,0,0,0,0,0,0,0
535.4781486733086,39.63171591885575,6.186919428933341,0,0,0,0,0,0,0,0,0,0,0,0,0,0,0,0
596.0494464096969,27.108987755492976,6.360261656045219,0,0,0,0,0,0,0,0,0,0,0,0,0,0,0,0
1843.9353138785464,27.608253442217073,7.598793475798589,0,0,0,0,0,0,0,0,0,0,0,0,0,0,0,0
1221.6112180826065,35.996112322915096,6.618439407176772,0,0,0,0,0,0,0,0,0,0,0,0,0,0,0,0
2596.816370402987,21.43352075232604,7.357033897970345,0,0,0,0,0,0,0,0,0,0,0,0,0,0,0,0
1029.806885980982,37.121470870352056,6.471070286251495,0,0,0,0,0,0,0,0,0,0,0,0,0,0,0,0
2088.0683337981427,26.824249395522703,5.6895844538006415,0,0,0,0,0,0,0,0,0,0,0,0,0,0,0,0
1398.8585184027597,15.475701730058052,7.384652296899234,0,0,0,0,0,0,0,0,0,0,0,0,0,0,0,0
1915.873382936125,14.161774412188311,5.419696541391072,0,0,0,0,0,0,0,0,0,0,0,0,0,0,0,0
1759.207927461575,37.25979633118389,5.635467723300186,0,0,0,0,0,0,0,0,0,0,0,0,0,0,0,0
1429.2383291733954,13.667037507206338,7.005839944909467,0,0,0,0,0,0,0,0,0,0,0,0,0,0,0,0
2670.1588460235366,20.418343084009678,7.391263360614623,0,0,0,0,0,0,0,0,0,0,0,0,0,0,0,0
1091.0554711628852,22.023901215046372,7.863001237977008,0,0,0,0,0,0,0,0,0,0,0,0,0,0,0,0
660.8123032481087,17.189833355747815,5.872276791730854,0,0,0,0,0,0,0,0,0,0,0,0,0,0,0,0
1963.0445582875534,21.41680109405968,5.354317627521774,0,0,0,0,0,0,0,0,0,0,0,0,0,0,0,0
2399.619659400563,34.28077700175257,8.059349310472413,0,0,0,0,0,0,0,0,0,0,0,0,0,0,0,0
304.65972384380177,12.440485306802124,5.494153881670856,0,0,0,0,0,0,0,0,0,0,0,0,0,0,0,0
1369.0449898989696,36.81520273562059,5.6325343432148465,0,0,0,0,0,0,0,0,0,0,0,0,0,0,0,0
2520.4679931870483,37.69644070723675,5.93225425138709,0,0,0,0,0,0,0,0,0,0,0,0,0,0,0,0
2149.008409199456,23.167847195746447,6.6940523328841195,0,0,0,0,0,0,0,0,0,0,0,0,0,0,0,0
2778.7000628938335,16.608386971819044,7.825041811309049,0,0,0,0,0,0,0,0,0,0,0,0,0,0,0,0
1581.6759101528337,30.025212238352427,7.433747272735573,0,0,0,0,0,0,0,0,0,0,0,0,0,0,0,0
1915.9888688829933,15.59017667594683,7.266104172296432,0,0,0,0,0,0,0,0,0,0,0,0,0,0,0,0
986.4487309586132,22.947580832347576,5.560577817139212,0,0,0,0,0,0,0,0,0,0,0,0,0,0,0,0
2663.59255913158,40.75287542702917,6.144584420883117,0,0,0,0,0,0,0,0,0,0,0,0,0,0,0,0
1152.4722702469944,41.863934177509115,6.530895763477369,0,0,0,0,0,0,0,0,0,0,0,0,0,0,0,0
2120.1278529852343,35.16314674063757,5.471763051153875,0,0,0,0,0,0,0,0,0,0,0,0,0,0,0,0
1248.164530709613,21.328845297622987,5.874975046805352,0,0,0,0,0,0,0,0,0,0,0,0,0,0,0,0
1660.7292181637984,32.629951474982775,5.986666252649101,0,0,0,0,0,0,0,0,0,0,0,0,0,0,0,0
2071.43459105602,33.16219096452038,5.407283834652926,0,0,0,0,0,0,0,0,0,0,0,0,0,0,0,0
1523.228794553521,23.635250854909494,6.760767014106424,0,0,0,0,0,0,0,0,0,0,0,0,0,0,0,0
2558.424449964722,31.22665903758478,7.256090228877417,0,0,0,0,0,0,0,0,0,0,0,0,0,0,0,0
1290.1825686123066,12.321829349270287,5.2237812207259555,0,0,0,0,0,0,0,0,0,0,0,0,0,0,0,0
1882.3866751726455,18.271729758067245,6.5395939256420785,0,0,0,0,0,0,0,0,0,0,0,0,0,0,0,0
1090.1423265801407,27.752649089017837,7.503075824856944,0,0,0,0,0,0,0,0,0,0,0,0,0,0,0,0
1261.2073374006338,16.912539127748875,7.393568412647829,0,0,0,0,0,0,0,0,0,0,0,0,0,0,0,0
1344.1302814072362,16.97720603629601,7.608233907900013,0,0,0,0,0,0,0,0,0,0,0,0,0,0,0,0
527.0982476119416,37.08912871650713,6.434370026145942,0,0,0,0,0,0,0,0,0,0,0,0,0,0,0,0
438.4815655534174,41.67399008050816,7.625782664447554,0,0,0,0,0,0,0,0,0,0,0,0,0,0,0,0
1935.4738001815706,28.679082840853454,5.770409827885662,0,0,0,0,0,0,0,0,0,0,0,0,0,0,0,0
1904.3461196919359,37.1720919264514,6.154593796536049,0,0,0,0,0,0,0,0,0,0,0,0,0,0,0,0
1923.5652569462477,41.70964992978818,5.564337844536964,0,0,0,0,0,0,0,0,0,0,0,0,0,0,0,0
251.39275789099835,16.24787665706324,6.49595052617143,0,0,0,0,0,0,0,0,0,0,0,0,0,0,0,0
1049.0217909466278,25.447368397630534,6.254592071729418,0,0,0,0,0,0,0,0,0,0,0,0,0,0,0,0
714.305602873912,23.777181475257596,5.7709667725257985,0,0,0,0,0,0,0,0,0,0,0,0,0,0,0,0
2223.193698614432,14.401478509385552,7.405698269538501,0,0,0,0,0,0,0,0,0,0,0,0,0,0,0,0
2437.6390436299384,34.65990518384233,6.0043096707572685,0,0,0,0,0,0,0,0,0,0,0,0,0,0,0,0
841.3689807879831,25.01337081967779,5.8729738564666745,0,0,0,0,0,0,0,0,0,0,0,0,0,0,0,0
1936.4078130047644,26.07980802571204,5.418849058721584,0,0,0,0,0,0,0,0,0,0,0,0,0,0,0,0
536.3432889915135,16.520189214397206,6.404229445766235,0,0,0,0,0,0,0,0,0,0,0,0,0,0,0,0
915.3965665644547,17.427799566926044,5.969486812279366,0,0,0,0,0,0,0,0,0,0,0,0,0,0,0,0
560.5016902068908,39.213108664686445,6.181673092291099,0,0,0,0,0,0,0,0,0,0,0,0,0,0,0,0
937.153993157996,13.339472669228366,5.755191240385768,0,0,0,0,0,0,0,0,0,0,0,0,0,0,0,0
1954.3150231081227,18.985568548311186,7.442097567423681,0,0,0,0,0,0,0,0,0,0,0,0,0,0,0,0
2566.8499664816563,20.76177990943585,7.976010711535094,0,0,0,0,0,0,0,0,0,0,0,0,0,0,0,0
726.5582606028835,26.70592627204759,6.59338192892444,0,0,0,0,0,0,0,0,0,0,0,0,0,0,0,0
1609.40549087187,29.593355190443877,7.057594954690664,0,0,0,0,0,0,0,0,0,0,0,0,0,0,0,0
2023.616863232924,26.798699275519997,7.774951285141459,0,0,0,0,0,0,0,0,0,0,0,0,0,0,0,0
2677.598418062471,14.52346003670646,8.196254839467706,0,0,0,0,0,0,0,0,0,0,0,0,0,0,0,0
1786.157255506652,19.310023621671405,6.963252751135462,0,0,0,0,0,0,0,0,0,0,0,0,0,0,0,0
863.2780206711898,37.307651542876236,7.847294292927579,0,0,0,0,0,0,0,0,0,0,0,0,0,0,0,0
1826.2432079762343,31.127661014353773,7.907546388978053,0,0,0,0,0,0,0,0,0,0,0,0,0,0,0,0
1033.277020362842,31.47447150402823,7.532644760984391,0,0,0,0,0,0,0,0,0,0,0,0,0,0,0,0
2737.9338157984403,32.10609766054065,6.474980451433952,0,0,0,0,0,0,0,0,0,0,0,0,0,0,0,0
1239.1579514254558,34.88709057118587,5.259692801356477,0,0,0,0,0,0,0,0,0,0,0,0,0,0,0,0
1982.112073978637,13.74325445164342,5.050577777408428,0,0,0,0,0,0,0,0,0,0,0,0,0,0,0,0
260.39171410157206,22.99825154797837,6.527042026505359,0,0,0,0,0,0,0,0,0,0,0,0,0,0,0,0
1240.1597599503639,28.18582305785036,6.581806507310777,0,0,0,0,0,0,0,0,0,0,0,0,0,0,0,0
2475.2797946385303,22.15369449891978,6.303559641161511,0,0,0,0,0,0,0,0,0,0,0,0,0,0,0,0
1786.5913555264392,37.3343661986156,6.818135524132366,0,0,0,0,0,0,0,0,0,0,0,0,0,0,0,0
1354.2515046295384,26.477175257618818,6.766920650574166,0,0,0,0,0,0,0,0,0,0,0,0,0,0,0,0
2633.4374985328873,35.058827683781374,7.677161731304617,0,0,0,0,0,0,0,0,0,0,0,0,0,0,0,0
2420.3593779827956,37.56046550643507,5.34770273043924,0,0,0,0,0,0,0,0,0,0,0,0,0,0,0,0
1037.7607519396395,27.143744487104943,5.7205685315377455,0,0,0,0,0,0,0,0,0,0,0,0,0,0,0,0
1615.825845307483,39.2865673161405,7.537615932670817,0,0,0,0,0,0,0,0,0,0,0,0,0,0,0,0
1473.543065840403,29.61371821610942,7.713077975115694,0,0,0,0,0,0,0,0,0,0,0,0,0,0,0,0
1843.7265002986421,37.508228965011654,8.183437483586776,0,0,0,0,0,0,0,0,0,0,0,0,0,0,0,0
1068.6892940927646,22.21772386774573,7.793318452438669,0,0,0,0,0,0,0,0,0,0,0,0,0,0,0,0
834.9330019913094,26.964508755944557,7.847676822631459,0,0,0,0,0,0,0,0,0,0,0,0,0,0,0,0
2572.946771664394,27.94233123013733,6.005913416415695,0,0,0,0,0,0,0,0,0,0,0,0,0,0,0,0
2602.0736986961165,15.149391476882117,6.285317228830004,0,0,0,0,0,0,0,0,0,0,0,0,0,0,0,0
2392.6395029811456,23.95657520104622,5.857872335425763,0,0,0,0,0,0,0,0,0,0,0,0,0,0,0,0
2743.3315199878593,39.52013017655028,6.94015807421669,0,0,0,0,0,0,0,0,0,0,0,0,0,0,0,0
2136.97796702719,30.92496721094227,8.004177133462523,0,0,0,0,0,0,0,0,0,0,0,0,0,0,0,0
2188.134794261199,17.325197473109025,6.1028508368371766,0,0,0,0,0,0,0,0,0,0,0,0,0,0,0,0
2182.734239102866,22.16566906828815,6.7824057020206405,0,0,0,0,0,0,0,0,0,0,0,0,0,0,0,0
1449.579840449997,17.748090289880995,5.948158817451152,0,0,0,0,0,0,0,0,0,0,0,0,0,0,0,0
1386.7757057371064,12.744693953957176,5.543359916072664,0,0,0,0,0,0,0,0,0,0,0,0,0,0,0,0
824.5883179874082,39.8238137551208,5.624593695419698,0,0,0,0,0,0,0,0,0,0,0,0,0,0,0,0
1876.5299053341553,25.446219847706146,5.185425102522016,0,0,0,0,0,0,0,0,0,0,0,0,0,0,0,0
952.2323538660698,21.226052172623582,8.037739273629622,0,0,0,0,0,0,0,0,0,0,0,0,0,0,0,0
870.3018652261214,29.9543157467321,6.289214747224414,0,0,0,0,0,0,0,0,0,0,0,0,0,0,0,0
1723.4995726497423,12.219433688790469,7.669186854406746,0,0,0,0,0,0,0,0,0,0,0,0,0,0,0,0
1265.9542093851123,20.340663198024416,7.180254312607011,0,0,0,0,0,0,0,0,0,0,0,0,0,0,0,0
769.0271828660437,33.09100397096678,5.614147716515474,0,0,0,0,0,0,0,0,0,0,0,0,0,0,0,0
2321.745643557361,31.01309319207789,5.561479189053081,0,0,0,0,0,0,0,0,0,0,0,0,0,0,0,0
2437.4817901653773,41.454178426276066,7.5983622448337425,0,0,0,0,0,0,0,0,0,0,0,0,0,0,0,0
636.0187511622305,30.61073128974132,5.8470774739825195,0,0,0,0,0,0,0,0,0,0,0,0,0,0,0,0
219.51828527999965,26.325176208831984,7.922512587846322,0,0,0,0,0,0,0,0,0,0,0,0,0,0,0,0
1073.9379181763716,34.84297689552023,5.44817729500637,0,0,0,0,0,0,0,0,0,0,0,0,0,0,0,0
2273.5281727699567,39.09983615892159,7.168667566254301,0,0,0,0,0,0,0,0,0,0,0,0,0,0,0,0
2381.8520522092435,33.62087840155055,7.6063164032989885,0,0,0,0,0,0,0,0,0,0,0,0,0,0,0,0
559.6555823017279,40.89633670648139,5.752820442930064,0,0,0,0,0,0,0,0,0,0,0,0,0,0,0,0
2213.273343075933,35.460155122145316,5.883863563061011,0,0,0,0,0,0,0,0,0,0,0,0,0,0,0,0
500.8308350045166,38.00404314785779,8.086460435645446,0,0,0,0,0,0,0,0,0,0,0,0,0,0,0,0
1214.1627344069761,15.423122135509116,5.846712337107706,0,0,0,0,0,0,0,0,0,0,0,0,0,0,0,0
2796.384739030981,33.972405089813634,6.375862559680153,0,0,0,0,0,0,0,0,0,0,0,0,0,0,0,0
700.7361404003655,25.20266098582106,6.384049898375571,0,0,0,0,0,0,0,0,0,0,0,0,0,0,0,0
600.3053147018287,28.593114072338256,5.809711199774987,0,0,0,0,0,0,0,0,0,0,0,0,0,0,0,0
1299.280864621663,31.6230722844707,7.482531476598689,0,0,0,0,0,0,0,0,0,0,0,0,0,0,0,0
1811.1381675216398,41.09445350116708,7.469917898333296,0,0,0,0,0,0,0,0,0,0,0,0,0,0,0,0
2625.5420342744583,41.53734244294874,6.2106176455161135,0,0,0,0,0,0,0,0,0,0,0,0,0,0,0,0
2750.134978385889,20.646847364637157,7.6724025314583475,0,0,0,0,0,0,0,0,0,0,0,0,0,0,0,0
381.06565513762604,34.01260492313749,5.681839790076808,0,0,0,0,0,0,0,0,0,0,0,0,0,0,0,0
558.7935451045539,34.49950613805806,5.013778482136572,0,0,0,0,0,0,0,0,0,0,0,0,0,0,0,0
2255.918732129584,22.394785839391464,6.827735558578371,0,0,0,0,0,0,0,0,0,0,0,0,0,0,0,0
903.6435959042371,15.716093245926631,8.181048871847612,0,0,0,0,0,0,0,0,0,0,0,0,0,0,0,0
2500.6075547165374,13.228408808571594,5.123661791446031,0,0,0,0,0,0,0,0,0,0,0,0,0,0,0,0
1924.9784687956255,35.32029382587535,5.665593835867074,0,0,0,0,0,0,0,0,0,0,0,0,0,0,0,0
490.7964861897607,26.69099225450718,6.660526855958669,0,0,0,0,0,0,0,0,0,0,0,0,0,0,0,0
2364.5761408024186,41.56620508484778,7.5918103566235855,0,0,0,0,0,0,0,0,0,0,0,0,0,0,0,0
658.5265880209972,25.949203685809593,5.28493441624017,0,0,0,0,0,0,0,0,0,0,0,0,0,0,0,0
1301.0880261671,41.33750937221521,6.264750892028461,0,0,0,0,0,0,0,0,0,0,0,0,0,0,0,0
1635.680814254258,24.347280065821796,7.3906425620156355,0,0,0,0,0,0,0,0,0,0,0,0,0,0,0,0
1501.9919876087235,35.81046451679918,6.188938266900356,0,0,0,0,0,0,0,0,0,0,0,0,0,0,0,0
1984.0235805993912,14.544578169354962,5.604276545522045,0,0,0,0,0,0,0,0,0,0,0,0,0,0,0,0
1896.9855106600635,28.66385130413292,5.6255866476690795,0,0,0,0,0,0,0,0,0,0,0,0,0,0,0,0
2779.3092143729427,36.06179360957172,6.312156118127981,0,0,0,0,0,0,0,0,0,0,0,0,0,0,0,0
2798.4969639828882,39.74105001659666,6.534134639378851,0,0,0,0,0,0,0,0,0,0,0,0,0,0,0,0
1542.7944468526664,36.67749271852295,7.757806137011244,0,0,0,0,0,0,0,0,0,0,0,0,0,0,0,0
447.5176260982464,13.109121816035227,7.055207739417579,0,0,0,0,0,0,0,0,0,0,0,0,0,0,0,0
2092.3925773186675,23.181070239202025,7.209286254449604,0,0,0,0,0,0,0,0,0,0,0,0,0,0,0,0
2739.3266033631317,13.460954169415539,8.145558948914902,0,0,0,0,0,0,0,0,0,0,0,0,0,0,0,0
1027.6486078354528,15.278468733436739,6.317899008963115,0,0,0,0,0,0,0,0,0,0,0,0,0,0,0,0
1399.143103177692,32.25916886002452,6.29073409039721,0,0,0,0,0,0,0,0,0,0,0,0,0,0,0,0
1304.4200045201853,33.397745889350944,7.954710296722599,0,0,0,0,0,0,0,0,0,0,0,0,0,0,0,0
333.6898018480164,35.21162048254879,5.786801878416187,0,0,0,0,0,0,0,0,0,0,0,0,0,0,0,0
1947.8875211809566,37.96369644166988,7.335408788169173,0,0,0,0,0,0,0,0,0,0,0,0,0,0,0,0
1118.6780071780163,34.18294405429529,7.41463404229803,0,0,0,0,0,0,0,0,0,0,0,0,0,0,0,0
2247.406074041906,36.02614776319896,5.312921591825418,0,0,0,0,0,0,0,0,0,0,0,0,0,0,0,0
2363.512195733164,13.468911294698378,6.498340498219468,0,0,0,0,0,0,0,0,0,0,0,0,0,0,0,0
2335.200045154398,19.03605451323896,5.641799908228973,0,0,0,0,0,0,0,0,0,0,0,0,0,0,0,0
1283.3315949036883,30.656933201257374,5.593200872967954,0,0,0,0,0,0,0,0,0,0,0,0,0,0,0,0
1036.0187738263387,37.74375913874469,6.4842499534812035,0,0,0,0,0,0,0,0,0,0,0,0,0,0,0,0
2146.9340271343426,12.135003748189774,5.9261750640258075,0,0,0,0,0,0,0,0,0,0,0,0,0,0,0,0
2283.61252799108,27.438880263490496,7.547393432402787,0,0,0,0,0,0,0,0,0,0,0,0,0,0,0,0
1477.269360617552,32.318621980931916,7.904335652449543,0,0,0,0,0,0,0,0,0,0,0,0,0,0,0,0
2521.8806507943877,12.888218673858397,7.56870593692277,0,0,0,0,0,0,0,0,0,0,0,0,0,0,0,0
574.1626098042516,24.040666726601636,5.851298792389328,0,0,0,0,0,0,0,0,0,0,0,0,0,0,0,0
2485.5788271132965,38.8690464415109,5.877230059803547,0,0,0,0,0,0,0,0,0,0,0,0,0,0,0,0
449.8476057268913,32.14838426567576,5.815130720375896,0,0,0,0,0,0,0,0,0,0,0,0,0,0,0,0
599.1663573419961,19.129750900817918,5.432121907379956,0,0,0,0,0,0,0,0,0,0,0,0,0,0,0,0
1587.9840345122968,37.58343388895738,8.020154777931875,0,0,0,0,0,0,0,0,0,0,0,0,0,0,0,0
375.54804848727906,22.44094270228543,6.286552954102621,0,0,0,0,0,0,0,0,0,0,0,0,0,0,0,0
337.29846364028697,37.60034013432178,5.719006318546795,0,0,0,0,0,0,0,0,0,0,0,0,0,0,0,0
201.34873483083436,20.968309533567165,7.709347361626379,0,0,0,0,0,0,0,0,0,0,0,0,0,0,0,0
1334.4233152050842,29.70960752649447,6.2774249685049295,0,0,0,0,0,0,0,0,0,0,0,0,0,0,0,0
2214.0220913597977,23.90820203243502,5.112373795550933,0,0,0,0,0,0,0,0,0,0,0,0,0,0,0,0
290.5797107277807,20.24475152265201,5.51821302479882,0,0,0,0,0,0,0,0,0,0,0,0,0,0,0,0
1895.869776811224,38.59672686515607,7.045601089139744,0,0,0,0,0,0,0,0,0,0,0,0,0,0,0,0
2340.131025282085,17.62781045818474,7.505296877349516,0,0,0,0,0,0,0,0,0,0,0,0,0,0,0,0
636.8022063024649,14.544347737072894,5.674990043163882,0,0,0,0,0,0,0,0,0,0,0,0,0,0,0,0
581.845710535651,22.257808156369812,7.935665885651654,0,0,0,0,0,0,0,0,0,0,0,0,0,0,0,0
2438.082531413394,33.52917442924703,7.723190784166926,0,0,0,0,0,0,0,0,0,0,0,0,0,0,0,0
2340.123985870246,36.22294817928845,7.7148184129954585,0,0,0,0,0,0,0,0,0,0,0,0,0,0,0,0
1601.248592286886,41.96230110200295,5.728515669757485,0,0,0,0,0,0,0,0,0,0,0,0,0,0,0,0
2329.9196861643486,20.890861710334946,5.161715163680185,0,0,0,0,0,0,0,0,0,0,0,0,0,0,0,0
441.1658013036864,24.238258533938463,7.775755326344267,0,0,0,0,0,0,0,0,0,0,0,0,0,0,0,0
1225.6519466407615,16.10463834088879,5.978560731963415,0,0,0,0,0,0,0,0,0,0,0,0,0,0,0,0
2118.2736458765694,29.24615788869101,6.980532419755282,0,0,0,0,0,0,0,0,0,0,0,0,0,0,0,0
869.3750942423047,41.92740111788751,7.431894027842336,0,0,0,0,0,0,0,0,0,0,0,0,0,0,0,0
2156.055177527237,33.026430303619755,5.4105384272355845,0,0,0,0,0,0,0,0,0,0,0,0,0,0,0,0
1510.864371416116,29.856385212401154,7.498682734460953,0,0,0,0,0,0,0,0,0,0,0,0,0,0,0,0
2150.691568665406,23.77107278765382,8.00323666867541,0,0,0,0,0,0,0,0,0,0,0,0,0,0,0,0
1408.1670584290569,39.45896280856664,7.3307998903885085,0,0,0,0,0,0,0,0,0,0,0,0,0,0,0,0
1156.5512845767257,26.907497883910484,6.411912795137786,0,0,0,0,0,0,0,0,0,0,0,0,0,0,0,0
769.891962844444,16.031007399391846,7.805370044005448,0,0,0,0,0,0,0,0,0,0,0,0,0,0,0,0
741.786287731039,22.961353895974003,6.6878644162321885,0,0,0,0,0,0,0,0,0,0,0,0,0,0,0,0
2153.8761074856293,14.015000065433007,7.383266969013613,0,0,0,0,0,0,0,0,0,0,0,0,0,0,0,0
509.1669048882973,18.059371130663447,7.625619020347532,0,0,0,0,0,0,0,0,0,0,0,0,0,0,0,0
423.5541102884573,12.530063429997366,7.397929157436819,0,0,0,0,0,0,0,0,0,0,0,0,0,0,0,0
658.3575490575384,25.598397495004903,5.9211356033540925,0,0,0,0,0,0,0,0,0,0,0,0,0,0,0,0
655.900929780197,31.036207948553916,5.377100482898659,0,0,0,0,0,0,0,0,0,0,0,0,0,0,0,0
2340.079819297939,22.29877387136723,5.762683293958593,0,0,0,0,0,0,0,0,0,0,0,0,0,0,0,0
1236.1172210329523,24.611453145158315,6.60919979833713,0,0,0,0,0,0,0,0,0,0,0,0,0,0,0,0
2775.0099891372543,40.776278185337276,6.616886151337907,0,0,0,0,0,0,0,0,0,0,0,0,0,0,0,0
556.7492702555921,34.558893647247466,6.86446191780652,0,0,0,0,0,0,0,0,0,0,0,0,0,0,0,0
1899.2035468034726,28.225699108348536,6.26432588015325,0,0,0,0,0,0,0,0,0,0,0,0,0,0,0,0
1366.6967187232515,20.536226253354755,7.518052420640088,0,0,0,0,0,0,0,0,0,0,0,0,0,0,0,0
1221.5872594123923,38.909903963189855,7.922092001111064,0,0,0,0,0,0,0,0,0,0,0,0,0,0,0,0
2475.218917540614,19.052913506419785,5.789520171134308,0,0,0,0,0,0,0,0,0,0,0,0,0,0,0,0
2736.548679153839,21.76028191550031,7.3568742966460405,0,0,0,0,0,0,0,0,0,0,0,0,0,0,0,0
2469.4332928128647,39.27194443268846,7.169509928144143,0,0,0,0,0,0,0,0,0,0,0,0,0,0,0,0
699.9817654913459,27.886261658552172,6.673889597693807,0,0,0,0,0,0,0,0,0,0,0,0,0,0,0,0
774.0745951432285,34.2695384825393,5.603296748397312,0,0,0,0,0,0,0,0,0,0,0,0,0,0,0,0
1905.7920856471646,29.722343824912983,7.54474322746467,0,0,0,0,0,0,0,0,0,0,0,0,0,0,0,0
951.6173122592984,31.603176270284855,8.074004114012265,0,0,0,0,0,0,0,0,0,0,0,0,0,0,0,0
2110.285340029508,20.981498745444767,7.3098762631475624,0,0,0,0,0,0,0,0,0,0,0,0,0,0,0,0
1672.693692105076,19.241161848799887,7.9371519892023485,0,0,0,0,0,0,0,0,0,0,0,0,0,0,0,0
1632.3627980750475,21.67477041505996,8.1493928478336,0,0,0,0,0,0,0,0,0,0,0,0,0,0,0,0
2354.222004580843,16.663246922502672,6.126562157565562,0,0,0,0,0,0,0,0,0,0,0,0,0,0,0,0
2047.3852065309623,38.22943095872422,7.042315369364278,0,0,0,0,0,0,0,0,0,0,0,0,0,0,0,0
269.1021889929584,20.497407997503423,6.516584760441849,0,0,0,0,0,0,0,0,0,0,0,0,0,0,0,0
328.5937565796408,28.84468183243154,8.157211989962335,0,0,0,0,0,0,0,0,0,0,0,0,0,0,0,0
1764.0519763856407,35.759232754241225,5.30018503682472,0,0,0,0,0,0,0,0,0,0,0,0,0,0,0,0
1464.0993966179162,35.51472328127141,6.319599725751118,0,0,0,0,0,0,0,0,0,0,0,0,0,0,0,0
876.4801038917776,25.15158775752579,7.801724942487155,0,0,0,0,0,0,0,0,0,0,0,0,0,0,0,0
1288.5058270184843,26.287719257601772,5.90896419368485,0,0,0,0,0,0,0,0,0,0,0,0,0,0,0,0
2170.5668287054373,41.84105246805075,7.520937122044392,0,0,0,0,0,0,0,0,0,0,0,0,0,0,0,0
2349.189860110618,32.237924309370726,6.224906120896818,0,0,0,0,0,0,0,0,0,0,0,0,0,0,0,0
1659.1799765141147,36.43915329353648,8.135931327648507,0,0,0,0,0,0,0,0,0,0,0,0,0,0,0,0
1201.9606502284678,39.07661907657696,7.8272954765558636,0,0,0,0,0,0,0,0,0,0,0,0,0,0,0,0
903.8115798872783,35.62769508688018,5.964225144520369,0,0,0,0,0,0,0,0,0,0,0,0,0,0,0,0
1556.988024000059,17.555380348607027,7.464617963321135,0,0,0,0,0,0,0,0,0,0,0,0,0,0,0,0
1018.3490082673906,28.865122012127166,6.077940940266459,0,0,0,0,0,0,0,0,0,0,0,0,0,0,0,0
1666.6473563227796,15.056824719436346,6.940361088689712,0,0,0,0,0,0,0,0,0,0,0,0,0,0,0,0
1959.296194525058,31.58766379691995,7.107138458858534,0,0,0,0,0,0,0,0,0,0,0,0,0,0,0,0
371.8059483904266,40.660482845634334,7.654705309074256,0,0,0,0,0,0,0,0,0,0,0,0,0,0,0,0
202.77540905914282,27.38196192900334,5.078242690822448,0,0,0,0,0,0,0,0,0,0,0,0,0,0,0,0
751.9205609859317,24.989174786033015,5.704505251687359,0,0,0,0,0,0,0,0,0,0,0,0,0,0,0,0
2525.7298940688306,13.075282542544896,7.278136993883452,0,0,0,0,0,0,0,0,0,0,0,0,0,0,0,0
1880.3559843942537,40.79323566987661,6.803274358302519,0,0,0,0,0,0,0,0,0,0,0,0,0,0,0,0
647.0969150362594,15.090080523904764,6.585936250243657,0,0,0,0,0,0,0,0,0,0,0,0,0,0,0,0
2514.686300741409,13.232372799145407,5.176671861465538,0,0,0,0,0,0,0,0,0,0,0,0,0,0,0,0
1421.885444747084,19.381998345148155,6.114482827076659,0,0,0,0,0,0,0,0,0,0,0,0,0,0,0,0
1437.8385673645178,13.965913017551472,7.768320742114074,0,0,0,0,0,0,0,0,0,0,0,0,0,0,0,0
2632.4090539909034,25.65353527235287,5.098857078515303,0,0,0,0,0,0,0,0,0,0,0,0,0,0,0,0
354.66539967668405,27.48263403771337,6.268595953167399,0,0,0,0,0,0,0,0,0,0,0,0,0,0,0,0
759.4635140346682,21.37709847085752,8.024474520546471,0,0,0,0,0,0,0,0,0,0,0,0,0,0,0,0
1723.0054454022782,13.528814477246582,5.162818350544047,0,0,0,0,0,0,0,0,0,0,0,0,0,0,0,0
708.2649249132106,15.3480110474768,7.399058403342837,0,0,0,0,0,0,0,0,0,0,0,0,0,0,0,0
1966.7702239432904,23.53513133969784,5.824360371782516,0,0,0,0,0,0,0,0,0,0,0,0,0,0,0,0
756.6399522754725,13.815853524796085,7.773148262891752,0,0,0,0,0,0,0,0,0,0,0,0,0,0,0,0
457.8081235569173,32.94569176829741,7.387417532669968,0,0,0,0,0,0,0,0,0,0,0,0,0,0,0,0
738.1614150661833,18.210616245744358,7.834256546746761,0,0,0,0,0,0,0,0,0,0,0,0,0,0,0,0
1299.1084891073617,21.062147063509155,5.690959329380051,0,0,0,0,0,0,0,0,0,0,0,0,0,0,0,0
657.9595778500077,23.823773315342926,6.700136815419535,0,0,0,0,0,0,0,0,0,0,0,0,0,0,0,0
550.1992648007031,24.498288992074436,7.493663819439362,0,0,0,0,0,0,0,0,0,0,0,0,0,0,0,0
2436.732904169246,12.049821230244016,5.786239177583939,0,0,0,0,0,0,0,0,0,0,0,0,0,0,0,0
1033.0327293530004,15.362111129960926,5.738388176855094,0,0,0,0,0,0,0,0,0,0,0,0,0,0,0,0
1137.9725849474594,37.88293691222634,5.086982827192272,0,0,0,0,0,0,0,0,0,0,0,0,0,0,0,0
343.70306470319184,12.036991875357245,8.067248940721447,0,0,0,0,0,0,0,0,0,0,0,0,0,0,0,0
1129.1610211053408,27.245020674386254,7.272054016174794,0,0,0,0,0,0,0,0,0,0,0,0,0,0,0,0
888.4986610361071,26.685060195216245,7.0337931328325904,0,0,0,0,0,0,0,0,0,0,0,0,0,0,0,0
1787.2611750886501,21.992824830319137,7.38078311262397,0,0,0,0,0,0,0,0,0,0,0,0,0,0,0,0
734.0147739482574,24.93981060439349,6.701161339825406,0,0,0,0,0,0,0,0,0,0,0,0,0,0,0,0
2509.7501779633853,35.41743412579753,6.523628227489313,0,0,0,0,0,0,0,0,0,0,0,0,0,0,0,0
2617.1332143908435,37.236111186448696,6.438503171595267,0,0,0,0,0,0,0,0,0,0,0,0,0,0,0,0
